Community,Average_Clustering_Coefficient
0,0.9
1,0.4333333333333334
2,0.8349206349206348
